id,title,brand,gtin,mpn,identifier_exists,price,sale_price,sale_price_effective_date
lv-5625,"Ardenforest pellets – palé de 70 sacos de 15 kg",Ardenforest,,,no,"308.00 EUR",,
lv-5522,"Caldera de leña maciza 40 kW",,,,no,"2099.00 EUR",,
lv-5519,"Caldera de leña sólida 25 kW",,,,no,"1749.00 EUR",,
lv-5521,"Caldera de leña sólida 35 kW",,,,no,"1999.00 EUR",,
lv-5512,"Caldera de leña MBS Thermo Magnum – esteatita",MBS,,,no,"1899.00 EUR",,
lv-5523,"Caldera de leña 50 kW sólida",,,,no,"2299.00 EUR",,
lv-5518,"Caldera de leña maciza de 20 kW",,,,no,"1599.00 EUR",,
lv-5520,"Caldera de leña maciza de 30 kW",,,,no,"1899.00 EUR",,
lv-5510,"Caldera de leña MBS Thermo Magnum",MBS,,,no,"1799.00 EUR",,
lv-5507,"KVS Moravia Estufa de leña Moravia 9112 EX con caldera","KVS Moravia",,,no,"2499.00 EUR",,
lv-5508,"KVS Moravia Estufa de leña Moravia 9114","KVS Moravia",,,no,"1497.00 EUR",,
lv-5514,"Estufa de leña Olimpia",,,,no,"1299.00 EUR",,
lv-5506,"Termomont Estufa de leña Temy Plus P 20 + caldera",Termomont,,,no,"2499.00 EUR",,
lv-5527,"Estufa de leña Vulkan 14 kW",,,,no,"1599.00 EUR",,
lv-5516,"Estufa-caldera de leña MBS Super Thermo Magnum",MBS,,,no,"1899.00 EUR",,
lv-5517,"Estufa-caldera de leña MBS Super Thermo Magnum – esteatita",MBS,,,no,"1999.00 EUR",,
lv-5526,"Estufa de leña 3 caras MBS Eva",MBS,,,no,"1497.00 EUR",,
lv-5530,"Estufa de leña con caldera MBS Thermo In",MBS,,,no,"1797.00 EUR",,
lv-5524,"Estufa de leña Hunter 14B",,,,no,"2499.00 EUR",,
lv-5525,"Estufa de leña Hunter 80B",,,,no,"2997.00 EUR",,
lv-5509,"Estufa de leña MBS Magnum",MBS,,,no,"1797.00 EUR",,
lv-5513,"Estufa de leña MBS Magnum – esteatita",MBS,,,no,"1899.00 EUR",,
lv-5531,"Estufa de leña MBS Vesta",MBS,,,no,"897.00 EUR",,
lv-5511,"KVS Moravia Estufa de leña Moravia 9103","KVS Moravia",,,no,"1797.00 EUR",,
lv-5533,"Estufa de leña Olimp",,,,no,"999.00 EUR",,
lv-5528,"Estufa de leña Olympia",,,,no,"1299.00 EUR",,
lv-5535,"Estufa de leña Thermo Vulkan plus",,,,no,"1890.00 EUR",,
lv-5534,"Estufa de leña con caldera Thermo Vulcan de 18 kW",,,,no,"1698.00 EUR",,
lv-5515,"KVS Moravia Estufa de leña Moravia 9112","KVS Moravia",,,no,"2298.00 EUR",,
lv-5629,"Excellent pellets – palé de 65 sacos de 15 kg","Excellent Pellets",,,no,"320.00 EUR",,
lv-5529,"Estufa de leña de esteatita Olymp",,,,no,"1098.00 EUR",,
lv-5532,"Cocina Olimpia de esteatita",,,,no,"1398.00 EUR",,
lv-5630,"Green Energy pellet – palé de 65 sacos de 15 kg",,,,no,"380.00 EUR",,
lv-5822,"Leña – 25 cm – alto rendimiento – 1,3 m³",,,,no,"338.00 EUR",,
lv-5817,"Leña – 30 cm – alto rendimiento – 2 m³",,,,no,"286.00 EUR",,
lv-5821,"Leña – 30 cm – alto rendimiento – 1,3 m³",,,,no,"341.00 EUR",,
lv-5818,"Leña – 33 cm – mezcla de maderas duras – palé 2 m³ – 2,9 estéreos",,,,no,"299.00 EUR",,
lv-5823,"Leña – 40 cm – alto rendimiento – 1,3 m³",,,,no,"287.00 EUR",,
lv-5820,"Leña – 40 cm – alto rendimiento – 2 m³",,,,no,"349.00 EUR",,
lv-5819,"Leña – 50 cm – mezcla de maderas duras – palé 2 m³ – 2,5 estéreos",,,,no,"289.00 EUR",,
lv-5811,"Leña para calefacción – 40 cm – 2 m³ – 1,85 estéreos por camión completo",,,,no,"295.00 EUR",,
lv-5816,"Leña – 25 cm – alto rendimiento – 2 m³",,,,no,"279.00 EUR",,
lv-5806,"Leña – 40 cm – alto rendimiento – 1,3 m³ – 1,25 estéreos",,,,no,"325.00 EUR",,
lv-5638,"Madera densificada – madera dura – 1 tonelada por palé",,,,no,"315.00 EUR",,
lv-5639,"Madera densificada – madera dura + madera blanda – 1/2 palé de 480 kg",,,,no,"206.00 EUR",,
lv-5640,"Madera densificada – madera dura + madera blanda – palé de 960 kg",,,,no,"309.00 EUR",,
lv-5641,"Madera densificada – madera blanda – palé de 960 kg",,,,no,"245.00 EUR",,
lv-5637,"Madera densificada – troncos nocturnos – 1/2 palé de 480 kg",,,,no,"110.00 EUR",,
lv-5809,"Madera densificada – palé de 96 paquetes de 5 troncos",,,,no,"422.00 EUR",,
lv-5810,"Madera densificada – calidad superior – palé de 80 cajas de 6 troncos",,,,no,"378.00 EUR",,
lv-5807,"Madera densificada – sin envase de plástico individual – 1/2 palé de 480 kg",,,,no,"298.00 EUR",,
lv-5808,"Madera densificada – sin envase de plástico individual – palé de 960 kg",,,,no,"399.00 EUR",,
lv-5815,"Troncos de calefacción – 33 cm – seco – 1,7 m³ – 1,9 estéreos",,,,no,"210.00 EUR",,
lv-5614,"Palé de leña – 25 cm – 3 estéreos",,,,no,"200.00 EUR",,
lv-5615,"Palé de leña – 33 cm – 3 estéreos",,,,no,"190.00 EUR",,
lv-5616,"Palé de leña – 40 cm – 3 estéreos",,,,no,"180.00 EUR",,
lv-5617,"Palé de leña – 45 cm – 3 estéreos",,,,no,"200.00 EUR",,
lv-5812,"Palé de leña (1,7 m³) por camión",,,,no,"213.00 EUR",,
lv-5814,"Palé de pellets DIN Plus (65 sacos) por carga de camión",,,,no,"305.00 EUR",,
lv-5623,"Palé de pellets MM Royal – 78 sacos plásticos",,,,no,"380.00 EUR",,
lv-5624,"Palé de pellets Proxima Star",,,,no,"320.00 EUR",,
lv-5813,"Palé extra de pellets (65 sacos) por camión completo",,,,no,"328.00 EUR",,
lv-5622,"Palé Helios – 65 sacos de 15 kg",Helios,,,no,"380.00 EUR",,
lv-5716,"Palser pellet 15 kg",,,,no,"366.00 EUR",,
lv-5626,"Pellet Badger – palé con 65 sacos de 15 kg",Badger,,,no,"308.00 EUR",,
lv-5799,"Pellet Bear – palé de 65 sacos de 15 kg",,,,no,"395.00 EUR",,
lv-5627,"Pellet Bio Energy – palé de 66 sacos de 15 kg",,,,no,"308.00 EUR",,
lv-5628,"Pellet DIN Pellets – palé con 65 sacos de 15 kg",,,,no,"423.00 EUR",,
lv-5801,"Pellet Gold – palé de 65 sacos de 15 kg",,,,no,"308.00 EUR",,
lv-5631,"Pellet Limouzi – palé con 66 sacos de 15 kg",Limouzi,,,no,"439.00 EUR",,
lv-5804,"Pellet Limouzi – palé de 66 sacos de 15 kg",Limouzi,,,no,"405.00 EUR",,
lv-5805,"Pellet Natural Energie – palé de 65 sacos de 15 kg",,,,no,"308.00 EUR",,
lv-5643,"Pellet Nova Leña – 77 sacos de 15 kg",,,,no,"320.00 EUR",,
lv-5633,"Pellet Valboval – palé de 65 sacos de 15 kg",,,,no,"350.00 EUR",,
lv-5802,"Pellet Valboval – palé de 65 sacos de 15 kg",,,,no,"374.00 EUR",,
lv-5634,"Pellet Van Roje – palé de 65 sacos","Van Roje",,,no,"308.00 EUR",,
lv-5636,"Pellets de crema premium",,,,no,"320.00 EUR",,
lv-5635,"Pellets de energía natural – palé con 70 sacos de 15 kg",,,,no,"320.00 EUR",,
lv-5803,"Pellets excellent pellets – palé de 65 sacos de 15 kg","Excellent Pellets",,,no,"410.00 EUR",,
lv-5798,"Pellets Naturkraft – palé de 33 sacos de 15 kg",,,,no,"252.00 EUR",,
lv-5800,"Pellets Naturkraft – palé de 66 sacos de 15 kg",,,,no,"399.00 EUR",,
lv-5632,"Starforest pellet – palé de 70 sacos de 15 kg",Starforest,,,no,"308.00 EUR",,
lv-5618,"Troncos 50 cm: 4 palés – 2 de roble blanco + 2 de haya/carpe",,,,no,"308.00 EUR",,
lv-5620,"Troncos de roble blanco – 50 cm (2 estéreos)",,,,no,"270.00 EUR",,
lv-5619,"Troncos de 50 cm: 2 palés: 1 de roble blanco + 1 de haya/carpe",,,,no,"300.00 EUR",,
lv-5642,"Vimasol pellet – palé de 72 sacos",Vimasol,,,no,"358.00 EUR",,
lv-5621,"Woodstock calidad premium – palé con 78 sacos de 15 kg",Woodstock,,,no,"320.00 EUR",,
lv-29153,"Eider Biomasa Estufa de pellets sin electricidad – modelo CERO rem","Eider Biomasa",,,no,"454.00 EUR",,
lv-29150,"Eider Biomasa Estufa de pellets modelo ELITE / watt 7kw","Eider Biomasa",,,no,"315.00 EUR",,
lv-29147,"FM Calefacción Estufa de Pellets de Pasillo BP-402 12 kW","FM Calefacción",,,no,"745.00 EUR",,
lv-29142,"Estufa de pellets canalizable edilkamin modelo CHIP2 PLUS",Edilkamin,,,no,"585.00 EUR",,
lv-29138,"FM Calefacción Estufa de pellets aire rincón FM BP-100 R 9 KW","FM Calefacción",,,no,"715.00 EUR",,
lv-29130,"FM Calefacción Estufa de pellets Aire Frontal Modelo BP-CH0 5,5 Kw","FM Calefacción",,,no,"555.00 EUR",,
lv-29125,"FM Calefacción Estufa de pellets Aire Frontal Modelo BP-100","FM Calefacción",,,no,"654.00 EUR",,
lv-29120,"Estufa de pellets – modelo VEGA 10kw",,,,no,"445.00 EUR",,
lv-29115,"Estufa de pellets – modelo MATILDE HIERRO FUNDIDO",,,,no,"585.00 EUR",,
lv-29110,"Estufa de pellets – modelo BESTIA 15,3kw triple salida",,,,no,"395.00 EUR",,
lv-29106,"Estufa – cocina de pellets – modelo SAMANTHA inox",,,,no,"955.00 EUR",,
lv-31001,"Coterram Generación – pellets, lote de 100 sacos",Coterram,,,no,"335.00 EUR",,
lv-31002,"CYL Pellet – 100 sacos, calidad DIN Plus","CYL Pellet",,,no,"335.00 EUR",,
lv-31003,"Naturpellet – palet de 70 sacos (1.050 kg)",Naturpellet,,,no,"310.00 EUR",,
lv-31004,"Naturpellet – palé de 70 sacos de 15 kg",Naturpellet,,,no,"310.00 EUR",,
lv-31005,"Mi Pellet – pellets premium certificados, 77 sacos",,,,no,"309.00 EUR",,
lv-31006,"Naturpellet – palet de 40 sacos premium",Naturpellet,,,no,"225.00 EUR",,
lv-31007,"Pellet Asturias Palé de pellets certificados Asturias – 72 sacos de 15 kg","Pellet Asturias",,,no,"307.00 EUR",,
lv-31008,"Palet de pellets – 70 sacos (1.050 kg)",,,,no,"309.00 EUR",,
lv-31009,"Palet premium de pellets ecológicos Bioforestal – 42 sacos de 15 kg",Bioforestal,,,no,"230.00 EUR",,
lv-902779,"Troncos de 50 cm, 1,5 steres, 1,2 m³ MINUCCI",,,,no,"120.00 EUR",,
lv-902778,"Palé de leña – 50 CM – 3 unidades",,,,no,"142.00 EUR",,
lv-902777,"Palé de leña – 33 cm – 3 unidades",,,,no,"199.00 EUR",,
lv-902776,"Palé de leña – 40 cm – 3 metros cúbicos",,,,no,"178.00 EUR",,
lv-902775,"Troncos comprimidos de madera dura 100% – Palé de 1040 kg",,,,no,"389.00 EUR",,
lv-902774,"Madera densificada – Madera blanda – Palé de 960 kg",,,,no,"262.00 EUR",,
lv-902773,"Madera densificada; palé de madera dura; 1 tonelada",,,,no,"365.00 EUR",,
lv-902772,"Madera densificada – Maderas duras – 1/2 palé de 538 kg",,,,no,"215.00 EUR",,
lv-902687,"Pellets Ecopower – Palé de 65 sacos de 15 kg",Ecopower,,,no,"385.00 EUR",,
lv-902686,"PELLET SUNFIRE – PALETTE DE 70 SACS DE 15 KG",,,,no,"367.00 EUR",,
lv-902685,"Pellets Helios – 1/2 palé de 35 sacos de 15 kg",Helios,,,no,"205.00 EUR",,
lv-902684,"Pellets para tejones – 1/2 palé de 35 bolsas de 15 kg",,,,no,"205.00 EUR",,
lv-902683,"Palé de leña – 45 cm – 3 metros cúbicos",,,,no,"215.00 EUR",,
lv-902682,"Pellets de molino de energía de madera – Palé de 65 sacos de 15 kg",,,,no,"362.00 EUR",,
lv-902681,"Pellets Helios – Palé de 65 sacos de 15 kg",Helios,,,no,"198.00 EUR",,
lv-902680,"Pellets Limouzi – Palé de 66 sacos de 15 kg",Limouzi,,,no,"195.00 EUR",,
lv-902679,"LEÑA – 30 CM – 1 M3 PALÉ – 1,5 STERES",,,,no,"189.00 EUR",,
lv-902678,"Leña WOODSTOCK, 1 palé, 104 sacos de 5 leños",Woodstock,,,no,"518.00 EUR",,
lv-902677,"LEÑA – 45 CM – MEZCLA DE MADERA DURA – PALÉ DE 2 M³ – 2,6 STERES",,,,no,"219.00 EUR",,
lv-902676,"Palet de madera de haya pura – 33 CM – 3 unidades",,,,no,"206.00 EUR",,
lv-902675,"4 – Palets – Troncos de 40 cm",,,,no,"695.00 EUR",,
lv-902674,"Leña, roble ultraseco, palets",,,,no,"305.00 EUR",,
lv-902673,"Troncos densificados nocturnos: madera comprimida de larga duración",,,,no,"470.00 EUR",,
lv-902672,"MEDIO PALÉ – 25 CM – MADERAS DURAS MIXTAS – 1 PALÉ M3 – 1,5 STERES",,,,no,"197.00 EUR",,
lv-902671,"Medio palé – Fresno secado al horno – 25 cm",,,,no,"225.00 EUR",,
lv-902670,"Palé grande – 100 % carpe secado al horno – 25 cm",,,,no,"410.00 EUR",,
lv-902669,"Pellets de energía verde – Palé de 65 sacos de 15 kg",,,,no,"278.00 EUR",,
lv-902668,"Pellets DS Energies – Palé de 65 sacos de 15 kg",,,,no,"309.00 EUR",,
lv-902667,"Pellets de excelente calidad – Palé con 65 sacos de 15 kg.",,,,no,"182.00 EUR",,
lv-902666,"Troncos de 50 cm – 4 palets: 2 de roble blanco + 2 de haya/carpe",,,,no,"475.00 EUR",,
lv-902665,"Troncos de roble blanco – Haya – 25 cm",,,,no,"181.00 EUR",,
lv-902664,"Pellets de madera premium Total Pellet – Palé de 990 kg",,,,no,"383.00 EUR",,
lv-902663,"Briquetas de madera Ecopower",Ecopower,,,no,"207.00 EUR",,
lv-902662,"Palé de pellets MM ROYAL – 78 bolsas de plástico",,,,no,"469.00 EUR",,
lv-902661,"PALÉ DE PELLETS PROXIMA STAR",,,,no,"526.00 EUR",,
lv-902660,"PELLETS DE GUIJUELA CHASE – 100% madera blanda, 72 bolsas",,,,no,"606.00 EUR",,
lv-902659,"40 sacos de madera de aliso – 2 m³ – 25 cm",,,,no,"302.00 EUR",,
lv-902595,"15 sacos de madera de abedul 100% seca, 8 kg cada uno – 25 cm",,,,no,"150.00 EUR",,
lv-902594,"Pellets Badger DINplus y ENplus A1",Badger,,,no,"579.00 EUR",,
lv-902593,"Pellets de madera alemanes EN+A1",,,,no,"525.00 EUR",,
lv-902592,"2 palets de pellets alemanes EN+A1",,,,no,"425.00 EUR",,
lv-902591,"Palet de 252 Bolsas de Briquetas de Carbón Vegetal de 3 kilos – 756 Kilos",,,,no,"510.00 EUR",,
lv-902590,"Barbacoa de carbón WEBER Kit chimenea y 2 kg de briquetas de carbón recomendado para mas de 10 personas",Weber,,,no,"273.00 EUR",,
lv-902589,"Barbacoa de carbón+ 3kg de briquetas WEBER recomendado para de 6 a 10 comensales",Weber,,,no,"135.00 EUR",,
lv-902588,"Palet de briquetas de madera LEÑAS OLIVER de 890 kg",,,,no,"649.00 EUR",,
lv-902587,"Palet de 35 sacos de pellet NATURPELLET",Naturpellet,,,no,"265.00 EUR",,
lv-902586,"Pellet Asturias Pellets Asturias ENplus A1 – 3 Palets (216 sacos x 15 kg)","Pellet Asturias",,,no,"850.00 EUR",,
lv-902585,"Pellet Asturias Pellets Asturias ENplus A1 – 1 Palet (72 sacos x 15 kg)","Pellet Asturias",,,no,"292.00 EUR",,
lv-902584,"Pellets BIOFORESTAL ENplus A1 – 70 sacos x 15 kg",Bioforestal,,,no,"300.00 EUR",,
lv-902583,"Pellets BIOFORESTAL ENplus A1 – 42 sacos x 15 kg",Bioforestal,,,no,"150.00 EUR",,
lv-902582,"Palet de briquetas de carbón vegetal – 756 kg",,,,no,"605.00 EUR",,
lv-902581,"Palet de briquetas de madera LEÑAS OLIVER – 890 kg",,,,no,"587.00 EUR",,
lv-902580,"Pack de 20 briquetas de encina de 7 kg + caja de Wood Balls",,,,no,"120.00 EUR",,
lv-902579,"Palet de briquetas ECO para estufa de leña – 112 packs (1.085 kg)",,,,no,"310.00 EUR",,
lv-902509,"Pellets Huella Verde ENplus A1 – 3 palets (231 sacos x 15 kg)","Huella Verde",,,no,"745.00 EUR",,
lv-902508,"Pellets Huella Verde ENplus A1 – 2 palets (154 sacos x 15 kg)","Huella Verde",,,no,"575.00 EUR",,
lv-902507,"Pellets Huella Verde ENplus A1 – 1 palet (77 sacos x 15 kg)","Huella Verde",,,no,"298.00 EUR",,
lv-902506,"Pellets NATURPELLET ENplus A1 – 231 sacos x 15 kg",Naturpellet,,,no,"735.00 EUR",,
lv-902505,"Pellets NATURPELLET ENplus A1 – 38 sacos x 15 kg",Naturpellet,,,no,"149.00 EUR",,
lv-902504,"Pellets NATURPELLET ENplus A1 – 154 sacos x 15 kg",Naturpellet,,,no,"596.00 EUR",,
lv-902503,"Pellets NATURPELLET ENplus A1 – 77 sacos x 15 kg",Naturpellet,,,no,"298.00 EUR",,
lv-902502,"FM Calefacción Estufa de leña rinconera con horno FM CH-4 R – 9,5 kW","FM Calefacción",,,no,"1020.00 EUR",,
lv-902501,"Palet de leña de olivo LEÑAS OLIVER – 2 m³",,,,no,"305.00 EUR",,
lv-902500,"Palet de leña de roble LEÑAS LEGUA – 340 kg",,,,no,"205.00 EUR",,
lv-902499,"Palet de leña de encina BIOENERGY – 50 sacos x 12 kg",,,,no,"278.00 EUR",,
lv-902498,"Yumbo de leña de encina – 500 kg",,,,no,"140.00 EUR",,
lv-902497,"Yumbo de leña de encina – 1.000 kg",,,,no,"280.00 EUR",,
lv-902496,"Pellets Naturpellet 45 sacos certificado Enplus de 15 kg",Naturpellet,,,no,"185.00 EUR",,
lv-902495,"Naturpellet. 3-Palets de 231 sacos certificado Enplus de 15 kg",Naturpellet,,,no,"450.00 EUR",,
lv-902494,"Naturpellet. 2-Palets de 154 sacos certificado Enplus de 15 kg",Naturpellet,,,no,"350.00 EUR",,
lv-902493,"Pellets Naturpellet. 1-Palet de 77 sacos certificado Enplus de 15 kg",Naturpellet,,,no,"195.00 EUR",,
lv-902492,"Naturpellets. 7-Palets de 539 sacos certificado Enplus de 15 kg",Naturpellet,,,no,"1035.00 EUR",,
lv-902491,"Naturpellet. 6-Palets de 462 sacos certificado Enplus de 15 kg",Naturpellet,,,no,"895.00 EUR",,
lv-902490,"Naturpellet. 5-Palets de 385 sacos certificado Enplus de 15 kg",Naturpellet,,,no,"620.00 EUR",,
lv-902395,"Naturpellet. 4-Palets de 308 sacos certificado Enplus de 15 kg",Naturpellet,,,no,"505.00 EUR",,
lv-902394,"Naturpellets. 11-Palets de 3850 sacos certificado Enplus de 15 kg",Naturpellet,,,no,"5235.00 EUR",,
lv-902393,"Naturpellets. 10-Palets de 770 sacos certificado Enplus de 15 kg",Naturpellet,,,no,"1465.00 EUR",,
lv-902392,"Naturpellets. 9-Palets de 693 sacos certificado Enplus de 15 kg",Naturpellet,,,no,"1205.00 EUR",,
lv-902391,"Naturpellets. 8-Palets de 616 sacos certificado Enplus de 15 kg",Naturpellet,,,no,"1005.00 EUR",,
lv-902390,"Burpellet -3 Palets de 216 Sacos certificado Enplus 15 kg",Burpellet,,,no,"490.00 EUR",,
lv-902389,"Burpellet -12 Palet de 864 Sacos certificado Enplus 15 kg",Burpellet,,,no,"1710.00 EUR",,
lv-902388,"Burpellet -11 Palets de 792 Sacos certificado Enplus 15 kg",Burpellet,,,no,"1620.00 EUR",,
lv-902387,"Burpellet -10 Palets de 720 Sacos certificado Enplus 15 kg",Burpellet,,,no,"1450.00 EUR",,
lv-902386,"Burpellet -9 Palets de 648 Sacos certificado Enplus 15 kg",Burpellet,,,no,"1430.00 EUR",,
lv-902385,"Burpellet -8 Palets de 576 Sacos certificado Enplus 15 kg",Burpellet,,,no,"1235.00 EUR",,
lv-902384,"Burpellet -7 Palets de 504 Sacos certificado Enplus 15 kg",Burpellet,,,no,"1055.00 EUR",,
lv-902383,"Burpellet -6 Palets de 432 Sacos certificado Enplus 15 kg",Burpellet,,,no,"998.00 EUR",,
lv-902382,"Burpellet -5 Palets de 360 Sacos certificado Enplus 15 kg",Burpellet,,,no,"804.00 EUR",,
lv-902381,"Burpellet -4 Palets de 288 Sacos certificado Enplus 15 kg",Burpellet,,,no,"678.00 EUR",,
lv-902380,"Burpellet -2 Palets de 144 Sacos certificado Enplus 15 kg",Burpellet,,,no,"404.00 EUR",,
lv-902379,"Burpellet -1 Palet de 72 Sacos certificado Enplus 15 kg",Burpellet,,,no,"202.00 EUR",,
lv-902284,"Eider Biomasa Estufa de pellet WATT 9 kW blanco","Eider Biomasa",,,no,"619.00 EUR",,
lv-902283,"Estufa de pellets Anita 11,6 kW Negro Sannover + Kit de instalación completo",Sannover,,,no,"729.00 EUR",,
lv-902282,"Estufa de pellet Diva de 9kW de potencia en color blanco",,,,no,"559.00 EUR",,
lv-902281,"Estufa de pellets Anita 11,6 kW Negro Sannover",Sannover,,,no,"429.00 EUR",,
lv-902280,"Estufa de pellet KRONE 7 kW negra",,,,no,"409.00 EUR",,
lv-902279,"Estufa de pellets Anita 9,4 kW Blanco Sannover + Kit de instalación completo",Sannover,,,no,"689.00 EUR",,
lv-902278,"Estufa de pellets Anita 12 kW Negro Sannover + Kit de instalación completo",Sannover,,,no,"909.00 EUR",,
lv-902277,"Estufa de pellets Anita 12 kW Burdeos Sannover + Kit de instalación completo",Sannover,,,no,"909.00 EUR",,
lv-902276,"Estufa de pellets de aire Anita 9,4 kW Sannover Blanco",Sannover,,,no,"429.00 EUR",,
lv-902275,"Estufa de pellets de aire Anita 12 kW Sannover Negro",Sannover,,,no,"549.00 EUR",,
lv-902274,"Estufa de pellets Air Slim Astral 12,2 kW Negro Sannover",Sannover,,,no,"779.00 EUR",,
lv-902273,"Estufa de pellet canalizable REDPOD First Advance Slim 8 kW negra",Redpod,,,no,"1039.00 EUR",,
lv-902272,"Estufa de pellets Anita 11,6 kW Blanco Sannover",Sannover,,,no,"429.00 EUR",,
lv-902271,"Eider Biomasa Estufa de pellet WATT de 7 kw wifi","Eider Biomasa",,,no,"509.00 EUR",,
lv-902270,"Estufa de pellets Azora 11,6 kW Negro Sannover",Sannover,,,no,"589.00 EUR",,
lv-902269,"Estufa de pellet canal reducida 8 eclipse 8 kw",,,,no,"639.00 EUR",,
lv-902268,"Estufa de pellets de aire Anita 12 kW Sannover Blanco",Sannover,,,no,"549.00 EUR",,
lv-902267,"Estufa de pellets de aire Anita 9,4 kW Sannover Burdeos",Sannover,,,no,"429.00 EUR",,
lv-902266,"Estufa de pellet EIDER BIOMASA Watt 7kw + kit fumistería","Eider Biomasa",,,no,"539.00 EUR",,
lv-902265,"Estufa de pellets de esquina Iseos 12,2 kW Blanco Sannover",Sannover,,,no,"729.00 EUR",,
lv-902264,"Estufa de pellet pasillo KRONE 4.9 kW blanco",,,,no,"489.00 EUR",,
lv-902263,"Estufa de pellets Flavia 9,5 kW Sannover Negro + Kit de instalación",Sannover,,,no,"779.00 EUR",,
lv-902262,"Estufa de pellet Eco Mensa Nero 6,4 kw negro",,,,no,"709.00 EUR",,
lv-902261,"Estufa de pellet FREEPOINT Roxy 7 kW antracita",FreePoint,,,no,"1159.00 EUR",,
lv-902260,"Estufa de pellets Anita 15 kW Blanco Sannover + Kit de instalación completo",Sannover,,,no,"849.00 EUR",,
lv-902259,"Estufa de pellets de 7 kW en color blanco,≈110 m³. Alta eficiencia (~88,5 %), depósito~13 kg,",,,,no,"489.00 EUR",,
lv-902258,"Estufa de pellets de aire Anita 12 kW Sannover Burdeos",Sannover,,,no,"549.00 EUR",,
lv-902257,"Estufa de pellets Anita 11,6 kW Burdeos Sannover",Sannover,,,no,"429.00 EUR",,
lv-902256,"Estufa de pellets Flavia 15 kW Sannover Negro",Sannover,,,no,"809.00 EUR",,
lv-902255,"Estufa de pellets Air Slim Astral 12,2 kW Blanco Sannover",Sannover,,,no,"779.00 EUR",,
